ref,annual_fee,estimated,source,url,as_of
iit,200000,false,"IIT tuition, set by the IIT Council for every IIT: Rs 1,00,000 per semester (IIT Ropar fee sheet, AY 2025-26)",https://www.iitrpr.ac.in/sites/default/files/Academic%20Fee%20to%20be%20paid%20at%20the%20time%20of%20Admission.pdf,2025-07-01
nit,125000,false,"NIT tuition, fixed by the Government of India for every NIT: Rs 62,500 per semester (NIT Calicut fee structure, AY 2025-26)",https://nitc.ac.in/imgserver/uploads/attachments/nit-calicut-fee-structure-ug-pg-phd-for-the-ay-2025-26_0ffc1837-ac4a-4159-b530-21687a7a60c1_0.pdf,2025-07-01
kea_govt,44200,false,"KEA 2025-26 engineering fee for government and aided colleges (KEA fee sheet, copy published by MITE)",https://mite.ac.in/wp-content/uploads/2025/08/KEA_Fees_Structure_2025_26.pdf,2025-08-01
kea_uvce,49600,false,"KEA 2025-26 engineering fee for UVCE (KEA fee sheet, copy published by MITE)",https://mite.ac.in/wp-content/uploads/2025/08/KEA_Fees_Structure_2025_26.pdf,2025-08-01
kea_unaided,112410,true,"KEA 2025-26 government-seat fee for unaided colleges: Rs 1,12,410 (Type-1) or Rs 1,21,610 (Type-2); the college's type is not confirmed here",https://mite.ac.in/wp-content/uploads/2025/08/KEA_Fees_Structure_2025_26.pdf,2025-08-01
walchand,86225,false,"Walchand College of Engineering Sangli, first-year B.Tech fee (aided, open category), AY 2025-26",https://walchandsangli.ac.in/wp-content/uploads/First-Year-B.Tech_.-Fee-Structure-Aided-2025_26.pdf,2025-07-15
spit,212125,false,"SPIT Mumbai, first-year B.Tech fee notice for the open category, AY 2025-26",https://www.spit.ac.in/wp-content/uploads/2025/07/B.Tech_.-Fee-Structure-2025-26.pdf,2025-07-01
pict,123000,true,"PICT Pune fee table for 2026-27: tuition Rs 1,06,956 + development Rs 16,044 (as reported from PICT's fee page; not re-checked)",https://upb.pict.edu/fee-structure,2026-06-01
vjti,86176,true,VJTI Mumbai 2025-26 first-year fee for the general category (reported by Careers360),https://www.careers360.com/colleges/veermata-jijabai-technological-institute-mumbai/courses,2025-07-01
coep,146704,true,COEP Pune 2025-26 open-category fee (reported by CollegeDekho; COEP's own circular not found),https://www.collegedekho.com/colleges/coep-technological-university-pune-admission,2025-07-01
gct,15000,true,"Government College of Technology Coimbatore: Rs 8,000-15,000 a year under TNEA (reported by CollegeDost; upper end used)",https://collegedost.in/blog/tnea/tnea-counselling-fees/,2025-07-01
iiita,120000,true,"IIIT Allahabad: tuition about Rs 1,00,000 + other fees Rs 20,000 a year (Aakash estimate for 2025-26)",https://www.aakash.ac.in/blog/indian-institute-of-information-technology-allahabad-2025-26-admissions-eligibility-criteria-courses-fees-structure-and-placement-statistics,2025-07-01
iiitm,87000,true,ABV-IIITM Gwalior B.Tech tuition for 2026 (reported by Careers360),https://www.careers360.com/university/atal-bihari-vajpayee-indian-institute-of-information-technology-and-management-gwalior/fees,2026-06-01
iiitdmj,143500,true,"IIITDM Jabalpur: tuition Rs 71,750 per semester (Careers360, 2026)",https://www.careers360.com/university/pdpm-indian-institute-of-information-technology-design-and-manufacturing-jabalpur/fees,2026-06-01
iiitdmk,180000,true,"IIITDM Kancheepuram: tuition Rs 90,000 per semester (Careers360, 2026)",https://www.careers360.com/university/indian-institute-of-information-technology-design-and-manufacturing-kancheepuram/fees,2026-06-01
bits,550000,true,"BITS Pilani: tuition Rs 2,75,000 per semester, 2025 (Careers360 report)",https://news.careers360.com/bits-pilani-fees-2025-for-4-year-btech-engineering-goa-hyderabad-cse-semester-wise-tuition-hostel-charges-explained,2025-07-01
vit,176000,true,"VIT Vellore B.Tech: Rs 1,76,000 a year in the lowest fee category (Careers360); higher VITEEE categories pay up to about Rs 4.3 lakh",https://www.careers360.com/question-what-is-the-fee-structure-of-vit-vellore,2025-07-01
srm,275000,true,"SRM IST Kattankulathur: Rs 2,75,000 a year for ECE and Mechanical, Rs 4,75,000 for CSE (2025 report citing SRM)",https://collegedunia.com/news/srm-institute-fee-structure-for-ug-courses-alertid-129153,2025-07-01
manipal_mit,328000,true,"MIT Manipal: Rs 3.28 to 4.90 lakh a year (FindMyCollege, from the four-year totals); lower end used",https://articles.findmycollege.com/btech-manipal-institute-of-technology-b-tech-fees/,2025-07-01
thapar,478000,true,"Thapar Institute: Rs 19.12 lakh for the four-year B.Tech, 2025-26 (Collegedunia), divided by 4",https://collegedunia.com/university/25795-thapar-institute-of-engineering-and-technology-thapar-patiala/bachelor-of-technology-btech-full-time,2025-07-01
ict,94976,true,ICT Mumbai: about Rs 94976 a year (Collegedunia B.Pharm table),https://s3.collegedunia.com/university/25705-institute-of-chemical-technology-ict-mumbai/bachelor-of-pharmacy-bpharm-2960,2025-07-01
aiims,1628,true,"AIIMS MBBS: about Rs 1,628 a year for paid seats (MCC counselling listing)",https://formity.ai/colleges/aiims-new-delhi/,2025-07-01
aiims_nursing,791,true,"AIIMS B.Sc (Hons) Nursing: Rs 3,165 for the whole 4-year course (Careers360, March 2026), divided by 4",https://medicine.careers360.com/articles/aiims-bsc-nursing-fees,2026-03-01
mamc,2745,true,Maulana Azad Medical College MBBS fee in the MCC AIQ 2025 table (third-party copy),https://neetugguidance.in/upload_store/746473MCC%20AIQ%20Cutoff%202025-%20UR%20Category.pdf,2025-07-01
mmc,13610,true,"Madras Medical College MBBS tuition about Rs 13,610 a year (Motion exam guide)",https://motion.ac.in/examinfo/?p=10584,2025-07-01
grant,139000,true,"Grant Government Medical College Mumbai: academic fee Rs 1.39 lakh for the open category, 2023-24 (Collegedunia)",https://s3.collegedunia.com/college/10499-grant-medical-college-and-sir-j-j-group-of-hospitals-mumbai/courses-fees,2024-01-01
cmc_vellore,31000,true,"CMC Vellore MBBS: about Rs 31,000 a year excluding accommodation (iQuanta, 2025-26)",https://www.iquanta.in/blog/cmc-vellore-mbbs-fees,2025-07-01
kmc_manipal,1170000,true,KMC Manipal MBBS: about Rs 11.7 lakh a year (Careers360 answer; Manipal's own 2025 sheet was not readable),https://www.careers360.com/question-mbbs-adm-fee-structure-of-manipal-medical-college-1,2025-07-01
st_johns,675000,true,"St John's Medical College MBBS tuition Rs 6,75,000 a year, 2026 (Careers360 citing KEA)",https://medicine.careers360.com/articles/st-john-medical-college-mbbs-fees,2025-12-01
maids,3000,true,"Maulana Azad Institute of Dental Sciences BDS: about Rs 3,000 a year after the first year (Zollege)",https://zollege.in/college/167018-maulana-azad-institute-of-dental-sciences-maids-new-delhi/bachelor-of-dental-science-bds-2952,2025-07-01
gdc_mumbai,82100,true,Government Dental College Mumbai BDS first-year fee (Collegedunia 2021-22 table),https://s4.collegedunia.com/college/7619-government-dental-college-and-hospital-mumbai/bachelor-of-dental-surgery-bds-2952,2022-01-01
mcods,442000,true,"Manipal College of Dental Sciences BDS: Rs 22.1 lakh total (Collegedunia), divided by 5",https://s4.collegedunia.com/college/56957-manipal-college-of-dental-sciences-mcods-manipal/courses-fees,2025-07-01
saveetha_dental,850000,true,"Saveetha Dental College BDS: about Rs 42.5 lakh total (Collegedunia and Vedantu), divided by 5",https://collegedunia.com/bds/tamil-nadu-colleges,2025-07-01
nia,27650,true,"National Institute of Ayurveda BAMS: about Rs 27,650 a year after the first year (Collegedunia 2024-25)",https://s3.collegedunia.com/college/6422-national-institute-of-ayurveda-nia-jaipur/bachelor-of-ayurvedic-medicine-and-surgery-bams-2950,2025-01-01
gac_tvm,12000,true,"Government Ayurveda College Thiruvananthapuram BAMS tuition Rs 12,000 a year (Collegedunia 2025)",https://s3.collegedunia.com/college/10454-government-ayurveda-college-thiruvananthapuram/bachelor-of-ayurvedic-medicine-and-surgery-bams-2950,2025-07-01
bhu_ayurveda,40000,true,"IMS BHU BAMS: about Rs 40,000 a year (Vedantu)",https://www.vedantu.com/neet/top-bams-colleges-in-india-fees-ranking,2025-07-01
tilak,50500,true,"Tilak Ayurved Mahavidyalaya Pune BAMS fee Rs 50,500 (CollegeDekho)",https://www.collegedekho.com/colleges/tilak-ayurved-mahavidyalaya,2025-07-01
jamia_hamdard,120000,true,"Jamia Hamdard B.Pharm: Rs 1,20,000 fee in its 2025-26 selection list (period not clearly stated)",https://www.jamiahamdard.ac.in/uploads/files/(B__PHARM)_-_Nineth_List.pdf,2025-07-01
manipal_nursing,200000,true,"Manipal College of Nursing B.Sc Nursing: Rs 8 lakh total (Careers360), divided by 4",https://www.careers360.com/colleges/manipal-college-of-nursing-manipal-university-manipal/bsc-nursing-course,2025-07-01
manipal_bpt,311500,true,"Manipal College of Health Professions BPT: Rs 3,11,500 a year (Collegebatch)",https://www.collegebatch.com/7409-manipal-college-of-health-professions-fees-structure-courses-manipal,2025-07-01
mvc,21915,true,Madras Veterinary College BVSc first-year fee (Collegedunia),https://s3.collegedunia.com/college/57554-madras-veterinary-college-mvc-chennai/bachelor-of-veterinary-science-bvsc-and-ah-4169,2025-07-01
bvc_mumbai,55628,true,"Bombay Veterinary College BVSc: Rs 2,78,140 over 5 years (Collegedunia, July 2026), divided by 5",https://collegedunia.com/college/6525-mumbai-veterinary-college-mumbai/bachelor-of-veterinary-science-bvsc-full-time,2026-07-01
pau,79010,true,PAU B.Sc (Hons) Agriculture first-year fee (Campus Option),https://www.campusoption.com/college/courses/punjab-agricultural-university,2025-07-01
tnau,50225,true,TNAU B.Sc (Hons) Agriculture first-year fee (Collegedunia),https://s4.collegedunia.com/university/25901-tamil-nadu-agricultural-university-tnau-coimbatore/bachelor-of-science-bsc-hons-agriculture-5372,2025-07-01
srcc,29350,true,"SRCC first-year fee Rs 29,350 (Collegedunia and Collegebatch)",https://www.collegebatch.com/234-shri-ram-college-of-commerce-fees-structure-courses-new-delhi,2025-07-01
hindu,28670,true,"Hindu College: Rs 86,010 for three years (Careers360), divided by 3",https://www.careers360.com/colleges/hindu-college-delhi/fees,2025-07-01
lsr,41860,true,"Lady Shri Ram College first-year BA (Hons) fee Rs 41,860 (Collegedunia); B.Com Rs 48,660",https://s2.collegedunia.com/college/2525-lady-shri-ram-college-for-women-lsr-new-delhi/bachelor-of-arts-ba-full-time,2025-07-01
miranda,16060,true,"Miranda House: Rs 48,180 for three years (Careers360), divided by 3",https://www.careers360.com/colleges/miranda-house-delhi/fees,2025-07-01
hansraj,26935,true,Hansraj College first-year BA (Hons) fee (Collegedunia),https://s4.collegedunia.com/college/1859-hansraj-college-hrc-new-delhi/bachelor-of-arts-ba-hons-full-time,2025-07-01
stephens,25247,true,"St Stephen's College: BA (Hons) Rs 75,740 total (Careers360), divided by 3",https://www.careers360.com/colleges/st-stephens-college-delhi/fees,2025-07-01
christ_bba,261000,true,"Christ University BBA: Rs 2,61,000 a year in its 2025-26 schedule (reported by Collegedunia)",https://collegedunia.com/news/christ-university-fee-structure-2025-alertid-131023,2025-07-01
christ_bcom,111000,true,"Christ University B.Com (Hons): Rs 1,11,000 a year in its 2025-26 schedule (reported by Collegedunia)",https://collegedunia.com/news/christ-university-fee-structure-2025-alertid-131023,2025-07-01
nmims_bba,450000,true,NMIMS Mumbai BBA (Hons) first-year fee (Collegedunia; NMIMS verification pending),https://s3.collegedunia.com/university/25716-narsee-monjee-institute-of-management-studies-nmims-deemed-to-be-university-mumbai/bachelor-of-business-administration-bba-full-time,2025-07-01
scms,389000,true,"Symbiosis Centre for Management Studies Pune, BBA (Hons) first-year fee (Collegedunia)",https://s3.collegedunia.com/college/59174-symbiosis-centre-for-management-studies-scms-pune/courses-fees,2025-07-01
iim_indore_ipm,723432,false,"IIM Indore IPM: Rs 5,00,000 a year for years 1-3 (Ministry of Education, Rajya Sabha answer) and Rs 11,04,679 and Rs 10,12,479 for years 4-5 (IIM Indore fee sheet, Jan 2025), averaged over 5 years",https://iimidr.ac.in/wp-content/uploads/2025/01/Fee-Structure-for-PGP-Batch-2025-27-including-NRI-candidates.pdf,2025-01-09
icai,12556,true,"ICAI registration Rs 9,000 (Foundation) + Rs 18,000 (Intermediate) + Rs 22,000 (Final) plus exam fees Rs 1,500 + 2,700 + 3,300, spread over 4.5 years (Physics Wallah ICAI fee chart, 2026)",https://www.pw.live/ca/exams/icai-exam-fee-chart,2026-07-06
nchm,112638,false,"NCHMCT common B.Sc HHA fee, 2025-26: Rs 72,915 for semester 1, then Rs 53,000 per semester, averaged over 3 years",https://nchm.gov.in/sites/default/files/2025-08/fee_all_courses.pdf,2025-08-01
ihm_pusa,164000,true,"IHM Pusa B.Sc HHA: Rs 4.92 lakh for 3 years (Careers360 and Collegedunia), divided by 3",https://hospitality.careers360.com/articles/ihm-pusa-college-overview-fee-structure-cutoff-placements,2025-07-01
nid,422000,true,NID Ahmedabad B.Des: yearly totals about Rs 4.22-4.32 lakh (Collegedunia 2024-25),https://s4.collegedunia.com/college/5884-national-institute-of-design-nid-ahmedabad/bachelor-of-design-bdes-animation-film-design-7590,2025-07-01
nift,352350,true,"NIFT B.Des: Rs 14,09,400 for 4 years, the same at every campus (Careers360, 2026), divided by 4",https://design.careers360.com/articles/nift-bdes-fees-structure,2026-01-01
iisc,80000,false,"IISc Bachelor of Science (Research): tuition Rs 80,000 a year from 2026-27 (IISc fee circular)",https://iisc.ac.in/wp-content/uploads/2026/04/Circular-Fee-Structure-AY-2026-27.pdf,2026-04-01
iiser_bpr,97600,false,"IISER Berhampur BS-MS: tuition Rs 48,800 per semester, AY 2026-27 (IISER Berhampur fee notice)",https://www.iiserbpr.ac.in/uploads/form/BS_MS_Fee__2026_27_1781598625_pdf.pdf,2026-06-01
iiser_pune,97802,true,"IISER Pune BS-MS: tuition Rs 48,901 per semester, 2025-26 (Careers360)",https://www.careers360.com/university/indian-institute-of-science-education-and-research-pune/courses?degree=175,2025-08-01
niser,32000,true,"NISER Integrated M.Sc: Rs 16,000 per semester for general and OBC students (Careers360, 2026)",https://university.careers360.com/articles/courses-offered-by-niser-through-nest-2026,2026-01-01
cmi,250000,false,"CMI B.Sc (Hons): tuition Rs 1,25,000 per semester (CMI B.Sc page)",https://www.cmi.ac.in/teaching/bsc.php,2026-10-08
isi_bstat,0,true,ISI B.Stat: no tuition for full-time students; students get a stipend (Pagalguy admissions guide),https://www.pagalguy.com/colleges/indian-statistical-institute-isi-kolkata/admission-process,2025-07-01
isi_bsds,200000,true,"ISI B.SDS: tuition Rs 1,00,000 per semester (ISI fee listing, as reported by Careers360)",https://www.careers360.com/university/indian-statistical-institute-kolkata/fees,2025-07-01
nlsiu,465000,true,NLSIU BA LL.B: about Rs 4.65 lakh a year (Physics Wallah NLU fee list),https://www.pw.live/law/exams/nlus-fee-structure,2026-01-01
nlud,388000,true,NLU Delhi BA LL.B: about Rs 3.88 lakh a year (Physics Wallah NLU fee list),https://www.pw.live/law/exams/nlus-fee-structure,2026-01-01
nalsar,272000,true,NALSAR BA LL.B: about Rs 2.72 lakh a year (Physics Wallah NLU fee list),https://www.pw.live/law/exams/nlus-fee-structure,2026-01-01
wbnujs,366000,true,WBNUJS BA LL.B: about Rs 3.66 lakh a year (Physics Wallah NLU fee list),https://www.pw.live/law/exams/nlus-fee-structure,2026-01-01
nlu_jodhpur,365000,true,NLU Jodhpur BA LL.B: about Rs 3.65 lakh a year (Physics Wallah NLU fee list),https://www.pw.live/law/exams/nlus-fee-structure,2026-01-01
nliu,286000,true,NLIU Bhopal BA LL.B: about Rs 2.86 lakh a year (Physics Wallah NLU fee list),https://www.pw.live/law/exams/nlus-fee-structure,2026-01-01
gnlu,295000,true,GNLU Gandhinagar BA LL.B: about Rs 2.95 lakh a year (Physics Wallah NLU fee list),https://www.pw.live/law/exams/nlus-fee-structure,2026-01-01
rmlnlu,162000,true,RMLNLU Lucknow BA LL.B: about Rs 1.62 lakh a year (Physics Wallah NLU fee list),https://www.pw.live/law/exams/nlus-fee-structure,2026-01-01
hnlu,210000,true,HNLU Raipur BA LL.B: about Rs 2.10 lakh a year (Physics Wallah NLU fee list),https://www.pw.live/law/exams/nlus-fee-structure,2026-01-01
cnlu,252000,true,CNLU Patna BA LL.B: about Rs 2.52 lakh a year (Physics Wallah NLU fee list),https://www.pw.live/law/exams/nlus-fee-structure,2026-01-01
nuals,216000,true,NUALS Kochi BA LL.B: about Rs 2.16 lakh a year (Physics Wallah NLU fee list),https://www.pw.live/law/exams/nlus-fee-structure,2026-01-01
nluo,187000,true,NLU Odisha BA LL.B: about Rs 1.87 lakh a year (Physics Wallah NLU fee list),https://www.pw.live/law/exams/nlus-fee-structure,2026-01-01
nusrl,328000,true,NUSRL Ranchi BA LL.B: about Rs 3.28 lakh a year (Physics Wallah NLU fee list),https://www.pw.live/law/exams/nlus-fee-structure,2026-01-01
nlu_assam,209000,true,NLU Assam BA LL.B: about Rs 2.09 lakh a year (Physics Wallah NLU fee list),https://www.pw.live/law/exams/nlus-fee-structure,2026-01-01
rgnul,292000,true,RGNUL Patiala BA LL.B: about Rs 2.92 lakh a year (Physics Wallah NLU fee list),https://www.pw.live/law/exams/nlus-fee-structure,2026-01-01
nda,0,false,"UPSC NDA & NA Examination (II) 2026 notice: training, accommodation, books, uniforms, boarding and medical treatment are paid by the Government",https://www.upsc.gov.in/sites/default/files/Notif-NDA-II-2026-Engl-200526.pdf,2026-05-20
yenepoya,2333333,true,"Yenepoya Medical College MBBS: course fee about Rs 1.05 crore over 4.5 years in its 2025 MBBS & BDS notification (installment dates in the notice look misprinted), divided by 4.5",https://www.yenepoya.edu.in/img/pdf/MBBS%20&%20BDS%20-%202025%20Notification%20(1).pdf,2025-07-01
